epoch,time,train/loss,metrics/accuracy_top1,metrics/accuracy_top5,val/loss,lr/pg0,lr/pg1,lr/pg2
1,196.069,1.82566,0.88268,0.98342,0.39488,0.00333182,0.00333182,0.00333182
2,429.023,0.44533,0.91405,0.99107,0.25744,0.00633523,0.00633523,0.00633523
3,604.482,0.39677,0.94823,0.99668,0.15531,0.00900864,0.00900864,0.00900864
4,815.067,0.34066,0.96634,0.99949,0.08884,0.008515,0.008515,0.008515
5,1035.19,0.22749,0.98164,0.99974,0.05349,0.00802,0.00802,0.00802
